points;transformations;method;sample;us
200000;1;CPU 4T / 4 CCX;0;25.816015625
200000;1;CPU 4T / 4 CCX;1;29.634765625
200000;1;CPU 4T / 4 CCX;2;26.102734375
200000;1;CPU 4T / 4 CCX;3;27.10625
200000;1;CPU 4T / 4 CCX;4;25.846484375
200000;1;CPU 4T / 4 CCX;5;26.341015625
200000;1;CPU 4T / 4 CCX;6;27.891015625
200000;1;CPU 4T / 4 CCX;7;25.9859375
200000;1;CPU 4T / 4 CCX;8;40.504296875
200000;1;CPU 4T / 4 CCX;9;25.203515625
200000;1;CPU 4T / 4 CCX;10;26.702734375
200000;1;CPU 4T / 4 CCX;11;25.491015625
200000;1;CPU 4T / 4 CCX;12;25.83125
200000;1;CPU 4T / 4 CCX;13;27.041796875
200000;1;CPU 4T / 4 CCX;14;26.63671875
200000;1;CPU 4T / 4 CCX;15;26.730078125
200000;1;CPU 4T / 4 CCX;16;26.461328125
200000;1;CPU 4T / 4 CCX;17;26.528125
200000;1;CPU 4T / 4 CCX;18;26.8546875
200000;1;CPU 4T / 4 CCX;19;27.34765625
200000;2;CPU 4T / 4 CCX;0;38.7859375
200000;2;CPU 4T / 4 CCX;1;40.79453125
200000;2;CPU 4T / 4 CCX;2;39.85078125
200000;2;CPU 4T / 4 CCX;3;38.55859375
200000;2;CPU 4T / 4 CCX;4;43.1171875
200000;2;CPU 4T / 4 CCX;5;40.5984375
200000;2;CPU 4T / 4 CCX;6;39.4328125
200000;2;CPU 4T / 4 CCX;7;39.79453125
200000;2;CPU 4T / 4 CCX;8;39.71640625
200000;2;CPU 4T / 4 CCX;9;39.13515625
200000;2;CPU 4T / 4 CCX;10;41.84296875
200000;2;CPU 4T / 4 CCX;11;45.5984375
200000;2;CPU 4T / 4 CCX;12;39.88984375
200000;2;CPU 4T / 4 CCX;13;39.51171875
200000;2;CPU 4T / 4 CCX;14;39.55625
200000;2;CPU 4T / 4 CCX;15;39.0265625
200000;2;CPU 4T / 4 CCX;16;38.5953125
200000;2;CPU 4T / 4 CCX;17;42.1953125
200000;2;CPU 4T / 4 CCX;18;40.02265625
200000;2;CPU 4T / 4 CCX;19;41.6625
200000;4;CPU 4T / 4 CCX;0;71.3265625
200000;4;CPU 4T / 4 CCX;1;73.9296875
200000;4;CPU 4T / 4 CCX;2;74.1375
200000;4;CPU 4T / 4 CCX;3;72.76796875
200000;4;CPU 4T / 4 CCX;4;72.96796875
200000;4;CPU 4T / 4 CCX;5;75.3015625
200000;4;CPU 4T / 4 CCX;6;73.25703125
200000;4;CPU 4T / 4 CCX;7;73.82890625
200000;4;CPU 4T / 4 CCX;8;73.39609375
200000;4;CPU 4T / 4 CCX;9;72.44609375
200000;4;CPU 4T / 4 CCX;10;99.18984375
200000;4;CPU 4T / 4 CCX;11;73.234375
200000;4;CPU 4T / 4 CCX;12;75.3578125
200000;4;CPU 4T / 4 CCX;13;95.334375
200000;4;CPU 4T / 4 CCX;14;73.0390625
200000;4;CPU 4T / 4 CCX;15;73.47265625
200000;4;CPU 4T / 4 CCX;16;72.77890625
200000;4;CPU 4T / 4 CCX;17;74.57578125
200000;4;CPU 4T / 4 CCX;18;72.40078125
200000;4;CPU 4T / 4 CCX;19;73.13203125
200000;8;CPU 4T / 4 CCX;0;134.234375
200000;8;CPU 4T / 4 CCX;1;133.734375
200000;8;CPU 4T / 4 CCX;2;133.6328125
200000;8;CPU 4T / 4 CCX;3;134.971875
200000;8;CPU 4T / 4 CCX;4;136.075
200000;8;CPU 4T / 4 CCX;5;131.2125
200000;8;CPU 4T / 4 CCX;6;135.215625
200000;8;CPU 4T / 4 CCX;7;133.9328125
200000;8;CPU 4T / 4 CCX;8;137.3140625
200000;8;CPU 4T / 4 CCX;9;134.1265625
200000;8;CPU 4T / 4 CCX;10;137.7921875
200000;8;CPU 4T / 4 CCX;11;136.34375
200000;8;CPU 4T / 4 CCX;12;150.534375
200000;8;CPU 4T / 4 CCX;13;142.8203125
200000;8;CPU 4T / 4 CCX;14;134.85625
200000;8;CPU 4T / 4 CCX;15;134.5625
200000;8;CPU 4T / 4 CCX;16;133.6546875
200000;8;CPU 4T / 4 CCX;17;133.89375
200000;8;CPU 4T / 4 CCX;18;134.2078125
200000;8;CPU 4T / 4 CCX;19;134.0203125
200000;16;CPU 4T / 4 CCX;0;255.134375
200000;16;CPU 4T / 4 CCX;1;253.8375
200000;16;CPU 4T / 4 CCX;2;253.453125
200000;16;CPU 4T / 4 CCX;3;252.053125
200000;16;CPU 4T / 4 CCX;4;255.321875
200000;16;CPU 4T / 4 CCX;5;253.184375
200000;16;CPU 4T / 4 CCX;6;276.696875
200000;16;CPU 4T / 4 CCX;7;253.8125
200000;16;CPU 4T / 4 CCX;8;253.41875
200000;16;CPU 4T / 4 CCX;9;252.59375
200000;16;CPU 4T / 4 CCX;10;256.80625
200000;16;CPU 4T / 4 CCX;11;254.159375
200000;16;CPU 4T / 4 CCX;12;257.696875
200000;16;CPU 4T / 4 CCX;13;255.234375
200000;16;CPU 4T / 4 CCX;14;258.509375
200000;16;CPU 4T / 4 CCX;15;261.325
200000;16;CPU 4T / 4 CCX;16;262.478125
200000;16;CPU 4T / 4 CCX;17;256.33125
200000;16;CPU 4T / 4 CCX;18;254.925
200000;16;CPU 4T / 4 CCX;19;254.940625
200000;32;CPU 4T / 4 CCX;0;496.1
200000;32;CPU 4T / 4 CCX;1;497.60625
200000;32;CPU 4T / 4 CCX;2;497.38125
200000;32;CPU 4T / 4 CCX;3;496.85
200000;32;CPU 4T / 4 CCX;4;497.5875
200000;32;CPU 4T / 4 CCX;5;496.35
200000;32;CPU 4T / 4 CCX;6;498.8625
200000;32;CPU 4T / 4 CCX;7;499.75625
200000;32;CPU 4T / 4 CCX;8;501.19375
200000;32;CPU 4T / 4 CCX;9;502.33125
200000;32;CPU 4T / 4 CCX;10;495.6625
200000;32;CPU 4T / 4 CCX;11;497.58125
200000;32;CPU 4T / 4 CCX;12;503.76875
200000;32;CPU 4T / 4 CCX;13;499.84375
200000;32;CPU 4T / 4 CCX;14;500.0375
200000;32;CPU 4T / 4 CCX;15;501.64375
200000;32;CPU 4T / 4 CCX;16;496.68125
200000;32;CPU 4T / 4 CCX;17;508.6875
200000;32;CPU 4T / 4 CCX;18;500.20625
200000;32;CPU 4T / 4 CCX;19;498.10625
200000;64;CPU 4T / 4 CCX;0;979.6625
200000;64;CPU 4T / 4 CCX;1;982.1875
200000;64;CPU 4T / 4 CCX;2;977.9875
200000;64;CPU 4T / 4 CCX;3;983.1875
200000;64;CPU 4T / 4 CCX;4;980.55
200000;64;CPU 4T / 4 CCX;5;983
200000;64;CPU 4T / 4 CCX;6;981.2375
200000;64;CPU 4T / 4 CCX;7;987.8375
200000;64;CPU 4T / 4 CCX;8;976.9625
200000;64;CPU 4T / 4 CCX;9;976.7625
200000;64;CPU 4T / 4 CCX;10;972.7875
200000;64;CPU 4T / 4 CCX;11;977.6375
200000;64;CPU 4T / 4 CCX;12;978.875
200000;64;CPU 4T / 4 CCX;13;976.1625
200000;64;CPU 4T / 4 CCX;14;982
200000;64;CPU 4T / 4 CCX;15;985.9875
200000;64;CPU 4T / 4 CCX;16;982.275
200000;64;CPU 4T / 4 CCX;17;986.1625
200000;64;CPU 4T / 4 CCX;18;986.575
200000;64;CPU 4T / 4 CCX;19;979.7125
200000;128;CPU 4T / 4 CCX;0;1951.1
200000;128;CPU 4T / 4 CCX;1;1953.85
200000;128;CPU 4T / 4 CCX;2;1966.475
200000;128;CPU 4T / 4 CCX;3;1947.375
200000;128;CPU 4T / 4 CCX;4;1958.325
200000;128;CPU 4T / 4 CCX;5;1944.4
200000;128;CPU 4T / 4 CCX;6;1959.525
200000;128;CPU 4T / 4 CCX;7;1949.7
200000;128;CPU 4T / 4 CCX;8;1958.7
200000;128;CPU 4T / 4 CCX;9;1951.425
200000;128;CPU 4T / 4 CCX;10;1964.375
200000;128;CPU 4T / 4 CCX;11;1949.7
200000;128;CPU 4T / 4 CCX;12;1960.525
200000;128;CPU 4T / 4 CCX;13;1949.825
200000;128;CPU 4T / 4 CCX;14;1944.5
200000;128;CPU 4T / 4 CCX;15;1952.175
200000;128;CPU 4T / 4 CCX;16;1952.3
200000;128;CPU 4T / 4 CCX;17;1958.375
200000;128;CPU 4T / 4 CCX;18;1949.9
200000;128;CPU 4T / 4 CCX;19;1954.35
200000;256;CPU 4T / 4 CCX;0;3873.25
200000;256;CPU 4T / 4 CCX;1;3893.85
200000;256;CPU 4T / 4 CCX;2;3882
200000;256;CPU 4T / 4 CCX;3;3908.65
200000;256;CPU 4T / 4 CCX;4;3888.95
200000;256;CPU 4T / 4 CCX;5;3914.2
200000;256;CPU 4T / 4 CCX;6;3877.5
200000;256;CPU 4T / 4 CCX;7;3878.2
200000;256;CPU 4T / 4 CCX;8;3887.55
200000;256;CPU 4T / 4 CCX;9;3895.3
200000;256;CPU 4T / 4 CCX;10;3886.1
200000;256;CPU 4T / 4 CCX;11;3878.65
200000;256;CPU 4T / 4 CCX;12;3888.5
200000;256;CPU 4T / 4 CCX;13;3893.8
200000;256;CPU 4T / 4 CCX;14;3898.65
200000;256;CPU 4T / 4 CCX;15;3880.2
200000;256;CPU 4T / 4 CCX;16;3889.55
200000;256;CPU 4T / 4 CCX;17;3882.5
200000;256;CPU 4T / 4 CCX;18;3903.1
200000;256;CPU 4T / 4 CCX;19;3882
200000;512;CPU 4T / 4 CCX;0;7734.3
200000;512;CPU 4T / 4 CCX;1;7813.4
200000;512;CPU 4T / 4 CCX;2;7734.2
200000;512;CPU 4T / 4 CCX;3;7762.7
200000;512;CPU 4T / 4 CCX;4;7790
200000;512;CPU 4T / 4 CCX;5;7760.5
200000;512;CPU 4T / 4 CCX;6;7768.3
200000;512;CPU 4T / 4 CCX;7;7759.9
200000;512;CPU 4T / 4 CCX;8;7767.5
200000;512;CPU 4T / 4 CCX;9;7751.1
200000;512;CPU 4T / 4 CCX;10;7736.3
200000;512;CPU 4T / 4 CCX;11;7774.2
200000;512;CPU 4T / 4 CCX;12;7748.5
200000;512;CPU 4T / 4 CCX;13;7757.8
200000;512;CPU 4T / 4 CCX;14;7752.8
200000;512;CPU 4T / 4 CCX;15;7758.6
200000;512;CPU 4T / 4 CCX;16;7752.6
200000;512;CPU 4T / 4 CCX;17;7758.5
200000;512;CPU 4T / 4 CCX;18;7733.6
200000;512;CPU 4T / 4 CCX;19;7714.9
200000;1024;CPU 4T / 4 CCX;0;15480.7
200000;1024;CPU 4T / 4 CCX;1;15525.6
200000;1024;CPU 4T / 4 CCX;2;15543.7
200000;1024;CPU 4T / 4 CCX;3;15505.4
200000;1024;CPU 4T / 4 CCX;4;15517.2
200000;1024;CPU 4T / 4 CCX;5;15526.3
200000;1024;CPU 4T / 4 CCX;6;15490.1
200000;1024;CPU 4T / 4 CCX;7;15490.2
200000;1024;CPU 4T / 4 CCX;8;15504.3
200000;1024;CPU 4T / 4 CCX;9;15500.7
200000;1024;CPU 4T / 4 CCX;10;15514.9
200000;1024;CPU 4T / 4 CCX;11;15483.9
200000;1024;CPU 4T / 4 CCX;12;15488.6
200000;1024;CPU 4T / 4 CCX;13;15516.8
200000;1024;CPU 4T / 4 CCX;14;15489.8
200000;1024;CPU 4T / 4 CCX;15;15491.6
200000;1024;CPU 4T / 4 CCX;16;15485.6
200000;1024;CPU 4T / 4 CCX;17;15539.6
200000;1024;CPU 4T / 4 CCX;18;15569.2
200000;1024;CPU 4T / 4 CCX;19;15501.3
