points;transformations;method;median_us;peak_us;samples;us_per_transform;invalid_samples
12800000;1;CPU 4T / 4 CCX;13143.6;12671.23;20;13143.6;0
12800000;2;CPU 4T / 4 CCX;13078.35;12632.9741667;20;6539.175;0
12800000;4;CPU 4T / 4 CCX;14868.05;12892.9525;20;3717.0125;0
12800000;8;CPU 4T / 4 CCX;13930.75;13601.1958333;20;1741.34375;0
12800000;16;CPU 4T / 4 CCX;15709.3;15525.5175;20;981.83125;0
12800000;32;CPU 4T / 4 CCX;30818.1;30821.7033333;20;963.065625;0
12800000;64;CPU 4T / 4 CCX;61850.9;61858.4375;20;966.4203125;0
12800000;128;CPU 4T / 4 CCX;123929.6;123874.659167;20;968.2;0
12800000;256;CPU 4T / 4 CCX;247808.35;247750.45;20;968.001367188;0
12800000;512;CPU 4T / 4 CCX;495517.55;495450.1025;20;967.807714844;0
12800000;1024;CPU 4T / 4 CCX;990834.7;989820.920833;20;967.612011719;0
